respondent_id,trace_1,trace_2,trace_3,trace_4_rev,interpret_1,interpret_2,interpret_3,interpret_4_rev,action_1,action_2,action_3,action_4_rev,collection_wave
MS0001,7.0,5.0,6.0,3.0,6.0,7.0,5.0,1.0,6.0,6.0,5.0,2.0,Fictional A
MS0002,1.0,1.0,1.0,7.0,,7.0,3.0,6.0,7.0,4.0,4.0,2.0,Fictional B
MS0003,5.0,6.0,7.0,2.0,3.0,4.0,4.0,4.0,4.0,1.0,3.0,4.0,Fictional A
MS0004,2.0,1.0,2.0,4.0,3.0,5.0,1.0,5.0,2.0,4.0,1.0,7.0,Fictional B
MS0005,7.0,6.0,5.0,2.0,7.0,6.0,5.0,1.0,4.0,7.0,6.0,4.0,Fictional A
MS0006,3.0,3.0,3.0,3.0,2.0,4.0,3.0,5.0,,2.0,2.0,7.0,Fictional B
MS0007,7.0,6.0,7.0,2.0,7.0,7.0,7.0,1.0,6.0,7.0,5.0,2.0,Fictional A
MS0008,4.0,2.0,2.0,4.0,4.0,3.0,3.0,6.0,7.0,4.0,5.0,2.0,Fictional B
MS0009,2.0,3.0,3.0,5.0,3.0,1.0,3.0,6.0,4.0,4.0,4.0,5.0,Fictional A
MS0010,1.0,2.0,3.0,6.0,3.0,1.0,2.0,7.0,1.0,1.0,2.0,6.0,Fictional B
MS0011,6.0,7.0,6.0,2.0,2.0,5.0,6.0,2.0,2.0,4.0,4.0,5.0,Fictional A
MS0012,3.0,3.0,2.0,3.0,1.0,1.0,4.0,7.0,1.0,2.0,3.0,6.0,Fictional B
MS0013,5.0,5.0,6.0,2.0,7.0,4.0,7.0,3.0,7.0,7.0,7.0,1.0,Fictional A
MS0014,1.0,2.0,1.0,6.0,2.0,1.0,4.0,3.0,3.0,2.0,1.0,7.0,Fictional B
MS0015,3.0,3.0,5.0,6.0,3.0,2.0,1.0,6.0,3.0,1.0,3.0,5.0,Fictional A
MS0016,3.0,1.0,3.0,4.0,3.0,4.0,2.0,5.0,6.0,3.0,3.0,5.0,Fictional B
MS0017,4.0,5.0,4.0,5.0,2.0,3.0,5.0,3.0,4.0,4.0,2.0,5.0,Fictional A
MS0018,2.0,1.0,2.0,7.0,4.0,4.0,3.0,4.0,1.0,1.0,4.0,7.0,Fictional B
MS0019,7.0,7.0,7.0,3.0,5.0,6.0,3.0,4.0,7.0,5.0,5.0,2.0,Fictional A
MS0020,5.0,2.0,3.0,4.0,7.0,7.0,7.0,3.0,4.0,2.0,2.0,6.0,Fictional B
MS0021,2.0,4.0,3.0,5.0,5.0,6.0,4.0,6.0,3.0,3.0,3.0,7.0,Fictional A
MS0022,3.0,5.0,3.0,3.0,3.0,3.0,1.0,4.0,2.0,6.0,4.0,7.0,Fictional B
MS0023,4.0,4.0,4.0,4.0,2.0,4.0,1.0,6.0,1.0,1.0,2.0,7.0,Fictional A
MS0024,7.0,5.0,7.0,3.0,7.0,7.0,5.0,3.0,5.0,7.0,4.0,2.0,Fictional B
MS0025,5.0,6.0,5.0,3.0,4.0,5.0,5.0,3.0,7.0,7.0,6.0,1.0,Fictional A
MS0026,4.0,2.0,5.0,4.0,1.0,1.0,2.0,7.0,3.0,4.0,4.0,5.0,Fictional B
MS0027,6.0,6.0,5.0,3.0,7.0,7.0,7.0,1.0,7.0,6.0,6.0,1.0,Fictional A
MS0028,4.0,3.0,4.0,3.0,3.0,4.0,3.0,5.0,6.0,5.0,6.0,2.0,Fictional B
MS0029,2.0,1.0,3.0,5.0,3.0,5.0,3.0,4.0,1.0,1.0,1.0,7.0,Fictional A
MS0030,2.0,3.0,2.0,6.0,5.0,7.0,6.0,3.0,3.0,3.0,2.0,5.0,Fictional B
MS0031,1.0,1.0,1.0,6.0,1.0,1.0,1.0,7.0,3.0,2.0,3.0,6.0,Fictional A
MS0032,5.0,6.0,2.0,3.0,3.0,2.0,5.0,6.0,4.0,3.0,4.0,4.0,Fictional B
MS0033,1.0,2.0,1.0,6.0,1.0,2.0,1.0,7.0,1.0,2.0,2.0,7.0,Fictional A
MS0034,4.0,1.0,4.0,6.0,1.0,1.0,1.0,5.0,4.0,1.0,1.0,6.0,Fictional B
MS0035,5.0,3.0,4.0,5.0,4.0,5.0,4.0,3.0,5.0,3.0,6.0,4.0,Fictional A
MS0036,6.0,7.0,7.0,4.0,5.0,6.0,4.0,4.0,6.0,3.0,4.0,4.0,Fictional B
MS0037,5.0,4.0,5.0,3.0,1.0,2.0,2.0,5.0,3.0,1.0,3.0,6.0,Fictional A
MS0038,1.0,3.0,2.0,7.0,2.0,4.0,4.0,7.0,2.0,3.0,4.0,4.0,Fictional B
MS0039,5.0,6.0,2.0,5.0,6.0,7.0,6.0,3.0,3.0,5.0,4.0,4.0,Fictional A
MS0040,7.0,7.0,7.0,1.0,7.0,7.0,6.0,2.0,7.0,7.0,7.0,4.0,Fictional B
MS0041,3.0,1.0,4.0,3.0,2.0,2.0,5.0,7.0,1.0,2.0,4.0,5.0,Fictional A
MS0042,6.0,6.0,7.0,1.0,3.0,4.0,3.0,5.0,7.0,7.0,7.0,1.0,Fictional B
MS0043,3.0,5.0,5.0,2.0,,6.0,3.0,3.0,4.0,4.0,5.0,3.0,Fictional A
MS0044,3.0,5.0,3.0,3.0,4.0,4.0,5.0,2.0,4.0,3.0,2.0,5.0,Fictional B
MS0045,4.0,6.0,7.0,4.0,4.0,6.0,2.0,4.0,5.0,6.0,4.0,3.0,Fictional A
MS0046,4.0,4.0,4.0,2.0,1.0,1.0,2.0,6.0,3.0,1.0,4.0,5.0,Fictional B
MS0047,3.0,4.0,7.0,5.0,2.0,1.0,3.0,5.0,1.0,2.0,4.0,5.0,Fictional A
MS0048,6.0,7.0,7.0,4.0,2.0,3.0,1.0,7.0,1.0,2.0,1.0,7.0,Fictional B
MS0049,2.0,3.0,3.0,7.0,4.0,2.0,4.0,6.0,1.0,3.0,1.0,6.0,Fictional A
MS0050,2.0,3.0,4.0,5.0,4.0,1.0,3.0,4.0,1.0,1.0,2.0,7.0,Fictional B
MS0051,3.0,4.0,3.0,7.0,1.0,3.0,5.0,4.0,2.0,2.0,1.0,4.0,Fictional A
MS0052,5.0,2.0,5.0,3.0,4.0,4.0,5.0,5.0,4.0,5.0,4.0,3.0,Fictional B
MS0053,5.0,6.0,7.0,1.0,5.0,4.0,6.0,4.0,3.0,4.0,5.0,4.0,Fictional A
MS0054,4.0,4.0,5.0,3.0,2.0,3.0,3.0,5.0,5.0,5.0,6.0,3.0,Fictional B
MS0055,2.0,1.0,1.0,6.0,2.0,3.0,5.0,7.0,2.0,3.0,1.0,4.0,Fictional A
MS0056,3.0,4.0,3.0,7.0,2.0,2.0,4.0,4.0,5.0,3.0,2.0,4.0,Fictional B
MS0057,6.0,6.0,5.0,2.0,7.0,5.0,4.0,2.0,7.0,2.0,7.0,,Fictional A
MS0058,6.0,5.0,6.0,3.0,5.0,4.0,4.0,1.0,3.0,4.0,7.0,4.0,Fictional B
MS0059,5.0,7.0,4.0,1.0,6.0,7.0,7.0,2.0,5.0,4.0,2.0,3.0,Fictional A
MS0060,7.0,6.0,5.0,1.0,5.0,2.0,5.0,3.0,5.0,2.0,3.0,4.0,Fictional B
MS0061,4.0,1.0,1.0,7.0,3.0,4.0,7.0,5.0,4.0,6.0,4.0,3.0,Fictional A
MS0062,4.0,4.0,6.0,2.0,6.0,7.0,7.0,2.0,3.0,5.0,6.0,3.0,Fictional B
MS0063,3.0,4.0,3.0,3.0,3.0,3.0,3.0,,7.0,7.0,7.0,1.0,Fictional A
MS0064,5.0,4.0,4.0,4.0,1.0,2.0,3.0,5.0,3.0,2.0,3.0,4.0,Fictional B
MS0065,1.0,1.0,1.0,5.0,,6.0,7.0,4.0,2.0,2.0,3.0,5.0,Fictional A
MS0066,1.0,1.0,1.0,6.0,1.0,1.0,1.0,4.0,2.0,5.0,3.0,4.0,Fictional B
MS0067,7.0,7.0,6.0,4.0,6.0,6.0,7.0,3.0,4.0,4.0,3.0,2.0,Fictional A
MS0068,6.0,5.0,7.0,4.0,6.0,5.0,7.0,2.0,7.0,7.0,6.0,2.0,Fictional B
MS0069,7.0,6.0,5.0,1.0,1.0,5.0,2.0,7.0,2.0,1.0,2.0,6.0,Fictional A
MS0070,7.0,7.0,7.0,1.0,7.0,7.0,7.0,1.0,5.0,4.0,7.0,4.0,Fictional B
MS0071,,5.0,4.0,4.0,4.0,5.0,3.0,4.0,4.0,3.0,2.0,4.0,Fictional A
MS0072,4.0,1.0,4.0,4.0,5.0,,5.0,4.0,6.0,7.0,5.0,3.0,Fictional B
MS0073,2.0,4.0,3.0,3.0,3.0,2.0,4.0,4.0,5.0,3.0,4.0,3.0,Fictional A
MS0074,2.0,5.0,6.0,2.0,7.0,6.0,4.0,3.0,3.0,2.0,2.0,5.0,Fictional B
MS0075,3.0,5.0,1.0,5.0,6.0,5.0,2.0,6.0,6.0,4.0,5.0,4.0,Fictional A
MS0076,3.0,5.0,1.0,5.0,6.0,6.0,6.0,,4.0,3.0,5.0,4.0,Fictional B
MS0077,1.0,1.0,1.0,5.0,3.0,2.0,4.0,6.0,7.0,3.0,7.0,3.0,Fictional A
MS0078,3.0,3.0,3.0,6.0,5.0,6.0,4.0,2.0,3.0,2.0,2.0,5.0,Fictional B
MS0079,7.0,7.0,7.0,1.0,4.0,5.0,5.0,5.0,2.0,2.0,1.0,6.0,Fictional A
MS0080,7.0,3.0,5.0,1.0,4.0,5.0,4.0,2.0,7.0,7.0,6.0,4.0,Fictional B
MS0081,3.0,6.0,5.0,5.0,4.0,5.0,6.0,3.0,6.0,6.0,5.0,3.0,Fictional A
MS0082,5.0,2.0,5.0,3.0,2.0,4.0,5.0,3.0,2.0,3.0,3.0,6.0,Fictional B
MS0083,5.0,6.0,3.0,3.0,3.0,4.0,5.0,4.0,3.0,1.0,4.0,4.0,Fictional A
MS0084,3.0,4.0,7.0,1.0,5.0,6.0,7.0,3.0,4.0,4.0,4.0,3.0,Fictional B
MS0085,1.0,3.0,1.0,6.0,1.0,1.0,6.0,6.0,2.0,2.0,3.0,6.0,Fictional A
MS0086,3.0,5.0,4.0,2.0,7.0,6.0,6.0,2.0,7.0,7.0,6.0,1.0,Fictional B
MS0087,4.0,6.0,3.0,5.0,4.0,4.0,4.0,2.0,3.0,1.0,1.0,7.0,Fictional A
MS0088,7.0,,7.0,3.0,7.0,7.0,7.0,3.0,7.0,7.0,7.0,2.0,Fictional B
MS0089,1.0,2.0,4.0,6.0,1.0,3.0,2.0,7.0,3.0,3.0,5.0,3.0,Fictional A
MS0090,7.0,6.0,7.0,2.0,7.0,7.0,5.0,5.0,7.0,7.0,7.0,1.0,Fictional B
MS0091,1.0,1.0,1.0,6.0,7.0,4.0,4.0,4.0,3.0,1.0,1.0,6.0,Fictional A
MS0092,1.0,2.0,2.0,7.0,3.0,2.0,1.0,6.0,1.0,1.0,1.0,7.0,Fictional B
MS0093,1.0,1.0,1.0,6.0,5.0,3.0,3.0,5.0,5.0,3.0,4.0,3.0,Fictional A
MS0094,1.0,3.0,3.0,4.0,3.0,2.0,1.0,6.0,5.0,3.0,4.0,4.0,Fictional B
MS0095,6.0,4.0,6.0,2.0,3.0,1.0,,4.0,6.0,5.0,6.0,5.0,Fictional A
MS0096,4.0,3.0,1.0,4.0,1.0,3.0,4.0,5.0,4.0,5.0,,4.0,Fictional B
MS0097,3.0,6.0,4.0,4.0,2.0,2.0,3.0,4.0,7.0,7.0,6.0,1.0,Fictional A
MS0098,1.0,2.0,1.0,5.0,1.0,2.0,1.0,6.0,3.0,2.0,1.0,3.0,Fictional B
MS0099,4.0,5.0,7.0,2.0,5.0,4.0,1.0,1.0,3.0,3.0,1.0,4.0,Fictional A
MS0100,5.0,5.0,5.0,2.0,7.0,7.0,7.0,1.0,4.0,3.0,3.0,4.0,Fictional B
MS0101,6.0,5.0,5.0,2.0,5.0,4.0,3.0,4.0,4.0,2.0,3.0,6.0,Fictional A
MS0102,5.0,4.0,3.0,4.0,4.0,3.0,3.0,6.0,3.0,1.0,3.0,6.0,Fictional B
MS0103,4.0,3.0,4.0,4.0,5.0,3.0,,3.0,2.0,4.0,3.0,3.0,Fictional A
MS0104,7.0,2.0,3.0,7.0,2.0,4.0,,7.0,1.0,2.0,3.0,5.0,Fictional B
MS0105,4.0,2.0,1.0,6.0,1.0,1.0,2.0,7.0,6.0,5.0,5.0,1.0,Fictional A
MS0106,6.0,4.0,5.0,4.0,5.0,1.0,2.0,5.0,3.0,5.0,6.0,6.0,Fictional B
MS0107,1.0,3.0,3.0,5.0,2.0,3.0,3.0,5.0,5.0,2.0,1.0,5.0,Fictional A
MS0108,4.0,4.0,4.0,4.0,2.0,4.0,4.0,4.0,1.0,1.0,1.0,6.0,Fictional B
MS0109,6.0,6.0,6.0,3.0,7.0,7.0,7.0,1.0,5.0,3.0,4.0,2.0,Fictional A
MS0110,2.0,3.0,5.0,7.0,6.0,5.0,2.0,3.0,4.0,4.0,4.0,5.0,Fictional B
MS0111,5.0,2.0,5.0,5.0,3.0,6.0,3.0,5.0,1.0,4.0,1.0,4.0,Fictional A
MS0112,3.0,6.0,6.0,2.0,7.0,6.0,7.0,1.0,7.0,4.0,6.0,2.0,Fictional B
MS0113,7.0,4.0,4.0,4.0,5.0,5.0,4.0,4.0,5.0,3.0,5.0,4.0,Fictional A
MS0114,6.0,6.0,4.0,4.0,2.0,3.0,2.0,5.0,4.0,7.0,7.0,1.0,Fictional B
MS0115,4.0,2.0,4.0,5.0,1.0,5.0,3.0,4.0,3.0,2.0,5.0,7.0,Fictional A
MS0116,3.0,4.0,1.0,4.0,3.0,4.0,3.0,4.0,3.0,7.0,4.0,4.0,Fictional B
MS0117,2.0,2.0,1.0,7.0,3.0,4.0,4.0,6.0,4.0,4.0,5.0,5.0,Fictional A
MS0118,5.0,6.0,3.0,2.0,2.0,,1.0,6.0,4.0,5.0,6.0,6.0,Fictional B
MS0119,1.0,2.0,3.0,5.0,2.0,3.0,4.0,6.0,1.0,2.0,3.0,5.0,Fictional A
MS0120,5.0,6.0,5.0,5.0,6.0,7.0,7.0,5.0,4.0,4.0,6.0,5.0,Fictional B
MS0121,3.0,4.0,3.0,4.0,5.0,7.0,4.0,4.0,2.0,3.0,5.0,7.0,Fictional A
MS0122,3.0,5.0,5.0,3.0,1.0,1.0,2.0,4.0,1.0,3.0,1.0,7.0,Fictional B
MS0123,3.0,5.0,5.0,5.0,2.0,,5.0,5.0,5.0,3.0,3.0,7.0,Fictional A
MS0124,7.0,7.0,7.0,1.0,4.0,5.0,6.0,2.0,7.0,7.0,4.0,3.0,Fictional B
MS0125,4.0,3.0,4.0,4.0,7.0,7.0,7.0,3.0,7.0,5.0,5.0,1.0,Fictional A
MS0126,1.0,6.0,3.0,5.0,2.0,3.0,5.0,4.0,1.0,4.0,4.0,6.0,Fictional B
MS0127,5.0,4.0,3.0,4.0,5.0,4.0,6.0,2.0,4.0,4.0,3.0,5.0,Fictional A
MS0128,4.0,4.0,5.0,2.0,5.0,6.0,4.0,3.0,6.0,5.0,6.0,3.0,Fictional B
MS0129,5.0,5.0,6.0,4.0,4.0,3.0,,4.0,1.0,1.0,1.0,4.0,Fictional A
MS0130,4.0,5.0,7.0,5.0,1.0,1.0,2.0,5.0,2.0,3.0,2.0,5.0,Fictional B
MS0131,3.0,5.0,4.0,3.0,3.0,4.0,4.0,5.0,1.0,1.0,1.0,6.0,Fictional A
MS0132,2.0,5.0,4.0,2.0,4.0,6.0,2.0,3.0,6.0,5.0,4.0,3.0,Fictional B
MS0133,4.0,2.0,5.0,3.0,6.0,4.0,5.0,3.0,7.0,7.0,6.0,1.0,Fictional A
MS0134,2.0,1.0,1.0,7.0,3.0,2.0,3.0,5.0,1.0,2.0,1.0,7.0,Fictional B
MS0135,3.0,5.0,7.0,3.0,4.0,6.0,6.0,3.0,5.0,2.0,6.0,3.0,Fictional A
MS0136,3.0,6.0,6.0,4.0,5.0,6.0,4.0,3.0,1.0,3.0,2.0,4.0,Fictional B
MS0137,3.0,6.0,4.0,2.0,4.0,3.0,4.0,5.0,3.0,1.0,3.0,5.0,Fictional A
MS0138,4.0,,4.0,6.0,4.0,5.0,6.0,4.0,3.0,6.0,5.0,4.0,Fictional B
MS0139,4.0,1.0,3.0,7.0,3.0,4.0,4.0,4.0,4.0,3.0,3.0,4.0,Fictional A
MS0140,5.0,6.0,7.0,1.0,4.0,4.0,4.0,5.0,7.0,6.0,7.0,4.0,Fictional B
MS0141,3.0,6.0,5.0,3.0,1.0,3.0,2.0,5.0,2.0,2.0,2.0,7.0,Fictional A
MS0142,7.0,7.0,7.0,1.0,5.0,6.0,5.0,1.0,3.0,5.0,2.0,4.0,Fictional B
MS0143,1.0,1.0,1.0,7.0,4.0,6.0,5.0,6.0,3.0,1.0,1.0,7.0,Fictional A
MS0144,7.0,7.0,7.0,1.0,6.0,6.0,7.0,3.0,7.0,7.0,7.0,2.0,Fictional B
MS0145,3.0,1.0,3.0,7.0,2.0,4.0,1.0,6.0,3.0,3.0,2.0,5.0,Fictional A
MS0146,6.0,7.0,7.0,1.0,4.0,4.0,2.0,4.0,5.0,5.0,4.0,3.0,Fictional B
MS0147,5.0,4.0,4.0,3.0,6.0,5.0,5.0,3.0,2.0,5.0,4.0,3.0,Fictional A
MS0148,3.0,2.0,4.0,6.0,4.0,4.0,5.0,3.0,5.0,5.0,2.0,4.0,Fictional B
MS0149,3.0,5.0,2.0,5.0,7.0,2.0,3.0,2.0,7.0,7.0,2.0,1.0,Fictional A
MS0150,5.0,5.0,6.0,4.0,7.0,6.0,7.0,4.0,5.0,7.0,4.0,3.0,Fictional B
MS0151,3.0,2.0,3.0,6.0,1.0,6.0,3.0,5.0,7.0,4.0,4.0,3.0,Fictional A
MS0152,5.0,4.0,6.0,1.0,7.0,7.0,6.0,,7.0,7.0,4.0,3.0,Fictional B
MS0153,4.0,7.0,4.0,4.0,6.0,7.0,5.0,5.0,5.0,3.0,4.0,5.0,Fictional A
MS0154,5.0,4.0,4.0,3.0,5.0,5.0,5.0,6.0,4.0,4.0,3.0,5.0,Fictional B
MS0155,1.0,2.0,2.0,5.0,4.0,3.0,2.0,4.0,1.0,1.0,4.0,5.0,Fictional A
MS0156,7.0,7.0,6.0,3.0,3.0,4.0,4.0,5.0,7.0,4.0,4.0,,Fictional B
MS0157,2.0,4.0,4.0,6.0,1.0,3.0,2.0,4.0,2.0,1.0,4.0,3.0,Fictional A
MS0158,5.0,5.0,7.0,4.0,7.0,7.0,7.0,1.0,5.0,4.0,5.0,4.0,Fictional B
MS0159,6.0,6.0,4.0,3.0,2.0,5.0,4.0,4.0,3.0,5.0,1.0,4.0,Fictional A
MS0160,4.0,4.0,2.0,5.0,4.0,4.0,4.0,3.0,4.0,2.0,1.0,7.0,Fictional B
MS0161,7.0,7.0,7.0,1.0,4.0,3.0,3.0,7.0,6.0,5.0,4.0,4.0,Fictional A
MS0162,5.0,6.0,4.0,5.0,3.0,4.0,6.0,3.0,3.0,3.0,4.0,3.0,Fictional B
MS0163,5.0,3.0,3.0,3.0,1.0,3.0,1.0,7.0,5.0,7.0,6.0,,Fictional A
MS0164,7.0,3.0,4.0,3.0,3.0,3.0,3.0,4.0,7.0,5.0,6.0,4.0,Fictional B
MS0165,3.0,5.0,5.0,4.0,7.0,5.0,6.0,3.0,,4.0,1.0,6.0,Fictional A
MS0166,7.0,7.0,7.0,1.0,5.0,7.0,7.0,3.0,7.0,7.0,7.0,1.0,Fictional B
MS0167,7.0,6.0,7.0,3.0,4.0,3.0,4.0,5.0,6.0,1.0,1.0,4.0,Fictional A
MS0168,4.0,5.0,3.0,4.0,5.0,4.0,4.0,3.0,5.0,4.0,5.0,7.0,Fictional B
MS0169,1.0,3.0,5.0,6.0,6.0,4.0,5.0,6.0,4.0,6.0,4.0,3.0,Fictional A
MS0170,3.0,2.0,1.0,7.0,2.0,1.0,1.0,6.0,3.0,1.0,2.0,7.0,Fictional B
MS0171,4.0,1.0,4.0,5.0,1.0,3.0,1.0,7.0,5.0,6.0,3.0,2.0,Fictional A
MS0172,7.0,6.0,7.0,1.0,4.0,5.0,6.0,4.0,5.0,7.0,7.0,1.0,Fictional B
MS0173,4.0,7.0,6.0,,6.0,6.0,6.0,1.0,7.0,7.0,7.0,1.0,Fictional A
MS0174,5.0,5.0,7.0,5.0,2.0,3.0,3.0,5.0,2.0,4.0,4.0,3.0,Fictional B
MS0175,1.0,3.0,1.0,7.0,,3.0,5.0,3.0,1.0,1.0,1.0,7.0,Fictional A
MS0176,,2.0,1.0,6.0,3.0,2.0,3.0,7.0,4.0,4.0,3.0,7.0,Fictional B
MS0177,4.0,3.0,4.0,3.0,3.0,3.0,4.0,4.0,2.0,1.0,1.0,5.0,Fictional A
MS0178,6.0,2.0,1.0,2.0,4.0,6.0,2.0,4.0,,,3.0,7.0,Fictional B
MS0179,1.0,,1.0,6.0,2.0,2.0,1.0,5.0,4.0,,4.0,4.0,Fictional A
MS0180,4.0,1.0,3.0,4.0,3.0,2.0,3.0,6.0,4.0,,5.0,2.0,Fictional B
MS0181,7.0,6.0,6.0,6.0,4.0,3.0,4.0,1.0,3.0,5.0,3.0,4.0,Fictional A
MS0182,2.0,1.0,1.0,5.0,5.0,7.0,7.0,2.0,6.0,5.0,4.0,1.0,Fictional B
MS0183,2.0,4.0,4.0,4.0,3.0,3.0,4.0,7.0,4.0,3.0,4.0,4.0,Fictional A
MS0184,1.0,1.0,1.0,6.0,1.0,1.0,1.0,6.0,1.0,1.0,1.0,7.0,Fictional B
MS0185,5.0,6.0,6.0,4.0,4.0,6.0,4.0,2.0,6.0,6.0,7.0,3.0,Fictional A
MS0186,1.0,1.0,4.0,7.0,2.0,3.0,3.0,4.0,7.0,6.0,6.0,3.0,Fictional B
MS0187,3.0,1.0,1.0,4.0,4.0,,1.0,4.0,6.0,7.0,4.0,4.0,Fictional A
MS0188,5.0,5.0,4.0,4.0,2.0,2.0,5.0,5.0,5.0,3.0,4.0,,Fictional B
MS0189,1.0,2.0,1.0,6.0,5.0,4.0,4.0,4.0,4.0,1.0,1.0,1.0,Fictional A
MS0190,5.0,4.0,2.0,3.0,5.0,7.0,5.0,1.0,,3.0,2.0,4.0,Fictional B
MS0191,3.0,3.0,3.0,5.0,3.0,4.0,5.0,5.0,2.0,3.0,2.0,4.0,Fictional A
MS0192,5.0,5.0,6.0,2.0,7.0,7.0,7.0,1.0,5.0,6.0,7.0,3.0,Fictional B
MS0193,3.0,1.0,2.0,6.0,5.0,5.0,4.0,5.0,3.0,4.0,4.0,6.0,Fictional A
MS0194,2.0,3.0,3.0,5.0,1.0,2.0,2.0,7.0,4.0,4.0,3.0,5.0,Fictional B
MS0195,6.0,6.0,4.0,5.0,2.0,4.0,,4.0,3.0,5.0,5.0,6.0,Fictional A
MS0196,4.0,6.0,5.0,5.0,3.0,4.0,5.0,3.0,2.0,1.0,2.0,4.0,Fictional B
MS0197,4.0,3.0,4.0,3.0,3.0,4.0,5.0,5.0,6.0,5.0,4.0,3.0,Fictional A
MS0198,5.0,4.0,1.0,2.0,2.0,7.0,1.0,6.0,,3.0,,5.0,Fictional B
MS0199,1.0,2.0,2.0,6.0,3.0,3.0,4.0,6.0,4.0,3.0,4.0,5.0,Fictional A
MS0200,4.0,3.0,1.0,4.0,4.0,7.0,4.0,1.0,7.0,7.0,7.0,2.0,Fictional B
MS0201,5.0,5.0,7.0,3.0,7.0,5.0,6.0,3.0,4.0,5.0,5.0,3.0,Fictional A
MS0202,4.0,5.0,6.0,6.0,2.0,4.0,1.0,4.0,6.0,5.0,5.0,4.0,Fictional B
MS0203,6.0,4.0,5.0,4.0,6.0,4.0,6.0,2.0,4.0,5.0,4.0,2.0,Fictional A
MS0204,1.0,1.0,2.0,7.0,3.0,1.0,2.0,4.0,2.0,4.0,2.0,3.0,Fictional B
MS0205,1.0,2.0,3.0,7.0,1.0,2.0,3.0,7.0,1.0,1.0,1.0,6.0,Fictional A
MS0206,6.0,7.0,3.0,5.0,6.0,5.0,6.0,5.0,1.0,2.0,1.0,5.0,Fictional B
MS0207,4.0,7.0,5.0,1.0,4.0,4.0,5.0,6.0,4.0,5.0,7.0,3.0,Fictional A
MS0208,3.0,3.0,4.0,5.0,1.0,1.0,5.0,6.0,6.0,4.0,4.0,3.0,Fictional B
MS0209,5.0,3.0,4.0,6.0,5.0,4.0,6.0,5.0,4.0,4.0,3.0,5.0,Fictional A
MS0210,4.0,5.0,2.0,4.0,3.0,2.0,5.0,6.0,2.0,3.0,4.0,6.0,Fictional B
MS0211,3.0,1.0,2.0,5.0,2.0,5.0,3.0,1.0,3.0,4.0,5.0,5.0,Fictional A
MS0212,3.0,4.0,4.0,3.0,4.0,5.0,3.0,5.0,4.0,2.0,1.0,4.0,Fictional B
MS0213,5.0,4.0,5.0,3.0,6.0,4.0,3.0,3.0,5.0,5.0,6.0,4.0,Fictional A
MS0214,6.0,7.0,5.0,3.0,7.0,7.0,4.0,1.0,7.0,7.0,7.0,1.0,Fictional B
MS0215,5.0,4.0,5.0,4.0,4.0,3.0,3.0,4.0,7.0,7.0,7.0,1.0,Fictional A
MS0216,,4.0,4.0,3.0,2.0,3.0,3.0,3.0,5.0,3.0,3.0,4.0,Fictional B
MS0217,1.0,3.0,,6.0,5.0,6.0,6.0,2.0,2.0,2.0,3.0,3.0,Fictional A
MS0218,4.0,4.0,4.0,3.0,2.0,2.0,3.0,7.0,3.0,5.0,3.0,4.0,Fictional B
MS0219,5.0,7.0,5.0,2.0,6.0,5.0,3.0,5.0,,4.0,3.0,6.0,Fictional A
MS0220,2.0,5.0,4.0,4.0,4.0,4.0,3.0,4.0,7.0,5.0,6.0,5.0,Fictional B
MS0221,6.0,5.0,5.0,3.0,4.0,3.0,1.0,5.0,3.0,4.0,2.0,7.0,Fictional A
MS0222,2.0,1.0,3.0,7.0,3.0,3.0,3.0,6.0,3.0,4.0,3.0,7.0,Fictional B
MS0223,5.0,3.0,1.0,3.0,4.0,3.0,4.0,4.0,7.0,4.0,4.0,2.0,Fictional A
MS0224,4.0,4.0,2.0,4.0,5.0,6.0,6.0,2.0,4.0,,6.0,3.0,Fictional B
MS0225,6.0,7.0,5.0,2.0,1.0,4.0,2.0,4.0,3.0,1.0,3.0,5.0,Fictional A
MS0226,2.0,1.0,1.0,7.0,4.0,5.0,4.0,4.0,3.0,1.0,2.0,7.0,Fictional B
MS0227,2.0,3.0,3.0,5.0,1.0,2.0,1.0,4.0,3.0,2.0,2.0,4.0,Fictional A
MS0228,7.0,6.0,7.0,3.0,5.0,7.0,6.0,1.0,7.0,7.0,7.0,2.0,Fictional B
MS0229,4.0,4.0,3.0,4.0,3.0,7.0,4.0,3.0,4.0,5.0,5.0,3.0,Fictional A
MS0230,5.0,3.0,3.0,4.0,2.0,3.0,2.0,6.0,2.0,5.0,5.0,3.0,Fictional B
MS0231,1.0,1.0,1.0,5.0,1.0,1.0,1.0,7.0,1.0,1.0,1.0,7.0,Fictional A
MS0232,2.0,4.0,3.0,7.0,2.0,1.0,1.0,4.0,6.0,4.0,7.0,2.0,Fictional B
MS0233,3.0,1.0,4.0,6.0,7.0,7.0,7.0,1.0,6.0,6.0,7.0,4.0,Fictional A
MS0234,3.0,3.0,4.0,1.0,7.0,5.0,7.0,2.0,5.0,4.0,7.0,4.0,Fictional B
MS0235,1.0,1.0,1.0,6.0,7.0,5.0,7.0,3.0,3.0,5.0,1.0,4.0,Fictional A
MS0236,2.0,6.0,3.0,5.0,7.0,7.0,7.0,3.0,7.0,7.0,6.0,1.0,Fictional B
MS0237,1.0,1.0,2.0,4.0,4.0,4.0,,4.0,3.0,4.0,1.0,6.0,Fictional A
MS0238,4.0,5.0,4.0,4.0,5.0,4.0,3.0,3.0,2.0,1.0,1.0,3.0,Fictional B
MS0239,1.0,5.0,4.0,6.0,3.0,4.0,3.0,6.0,1.0,3.0,2.0,5.0,Fictional A
MS0240,2.0,5.0,4.0,4.0,7.0,6.0,6.0,4.0,1.0,2.0,2.0,6.0,Fictional B
MS0241,4.0,4.0,2.0,4.0,3.0,3.0,4.0,3.0,1.0,1.0,2.0,5.0,Fictional A
MS0242,6.0,5.0,6.0,3.0,6.0,5.0,5.0,2.0,3.0,4.0,4.0,,Fictional B
MS0243,7.0,6.0,6.0,1.0,4.0,,6.0,3.0,6.0,7.0,7.0,1.0,Fictional A
MS0244,6.0,3.0,5.0,3.0,3.0,5.0,3.0,4.0,3.0,5.0,4.0,4.0,Fictional B
MS0245,7.0,7.0,7.0,1.0,6.0,4.0,6.0,3.0,3.0,5.0,7.0,3.0,Fictional A
MS0246,5.0,5.0,5.0,3.0,6.0,6.0,5.0,2.0,4.0,5.0,5.0,3.0,Fictional B
MS0247,6.0,5.0,7.0,2.0,6.0,5.0,4.0,2.0,7.0,7.0,7.0,1.0,Fictional A
MS0248,1.0,1.0,2.0,7.0,6.0,6.0,3.0,4.0,3.0,2.0,3.0,4.0,Fictional B
MS0249,1.0,1.0,2.0,7.0,4.0,3.0,2.0,3.0,7.0,5.0,6.0,2.0,Fictional A
MS0250,3.0,2.0,3.0,4.0,3.0,5.0,5.0,3.0,7.0,5.0,5.0,4.0,Fictional B
MS0251,4.0,3.0,5.0,2.0,3.0,6.0,4.0,4.0,5.0,5.0,5.0,4.0,Fictional A
MS0252,1.0,2.0,2.0,7.0,3.0,1.0,4.0,5.0,1.0,1.0,2.0,7.0,Fictional B
MS0253,7.0,5.0,4.0,6.0,4.0,,3.0,5.0,1.0,4.0,6.0,4.0,Fictional A
MS0254,1.0,1.0,4.0,7.0,3.0,4.0,3.0,2.0,3.0,3.0,4.0,4.0,Fictional B
MS0255,4.0,4.0,2.0,3.0,7.0,7.0,5.0,2.0,7.0,6.0,6.0,3.0,Fictional A
MS0256,3.0,4.0,5.0,5.0,5.0,3.0,5.0,1.0,7.0,7.0,7.0,1.0,Fictional B
MS0257,3.0,4.0,3.0,5.0,4.0,1.0,1.0,3.0,4.0,5.0,4.0,6.0,Fictional A
MS0258,5.0,5.0,4.0,4.0,7.0,2.0,5.0,3.0,2.0,3.0,4.0,7.0,Fictional B
MS0259,3.0,5.0,4.0,4.0,1.0,2.0,3.0,6.0,7.0,7.0,7.0,4.0,Fictional A
MS0260,6.0,7.0,7.0,1.0,7.0,7.0,7.0,2.0,1.0,3.0,3.0,4.0,Fictional B
MS0261,3.0,3.0,6.0,3.0,7.0,6.0,4.0,3.0,3.0,7.0,4.0,1.0,Fictional A
MS0262,7.0,6.0,7.0,2.0,7.0,3.0,5.0,4.0,4.0,5.0,3.0,5.0,Fictional B
MS0263,1.0,3.0,5.0,3.0,4.0,4.0,7.0,4.0,5.0,4.0,3.0,5.0,Fictional A
MS0264,4.0,7.0,2.0,4.0,7.0,5.0,6.0,2.0,7.0,6.0,3.0,3.0,Fictional B
MS0265,1.0,2.0,1.0,7.0,5.0,2.0,3.0,6.0,3.0,2.0,2.0,6.0,Fictional A
MS0266,7.0,7.0,6.0,3.0,5.0,6.0,3.0,4.0,6.0,6.0,7.0,2.0,Fictional B
MS0267,4.0,4.0,4.0,3.0,3.0,3.0,2.0,4.0,3.0,2.0,3.0,5.0,Fictional A
MS0268,2.0,3.0,4.0,7.0,5.0,4.0,6.0,3.0,4.0,6.0,4.0,4.0,Fictional B
MS0269,1.0,1.0,1.0,7.0,1.0,3.0,2.0,5.0,2.0,1.0,1.0,7.0,Fictional A
MS0270,4.0,4.0,4.0,3.0,4.0,1.0,2.0,5.0,3.0,,2.0,6.0,Fictional B
MS0271,4.0,7.0,5.0,5.0,3.0,5.0,4.0,3.0,2.0,4.0,1.0,3.0,Fictional A
MS0272,1.0,3.0,1.0,7.0,1.0,1.0,1.0,6.0,1.0,1.0,1.0,7.0,Fictional B
MS0273,1.0,1.0,1.0,7.0,1.0,1.0,2.0,7.0,1.0,3.0,1.0,7.0,Fictional A
MS0274,2.0,2.0,4.0,4.0,2.0,4.0,2.0,7.0,1.0,1.0,1.0,7.0,Fictional B
MS0275,4.0,4.0,3.0,2.0,6.0,7.0,7.0,1.0,6.0,3.0,6.0,3.0,Fictional A
MS0276,5.0,5.0,3.0,3.0,4.0,6.0,7.0,1.0,7.0,7.0,7.0,1.0,Fictional B
MS0277,7.0,7.0,7.0,1.0,6.0,5.0,5.0,2.0,7.0,7.0,7.0,2.0,Fictional A
MS0278,2.0,3.0,3.0,6.0,3.0,2.0,2.0,7.0,6.0,6.0,7.0,4.0,Fictional B
MS0279,7.0,7.0,7.0,1.0,7.0,7.0,7.0,1.0,6.0,4.0,,3.0,Fictional A
MS0280,2.0,3.0,,4.0,7.0,7.0,5.0,3.0,7.0,7.0,7.0,1.0,Fictional B
MS0281,7.0,7.0,7.0,1.0,7.0,7.0,5.0,,5.0,4.0,6.0,1.0,Fictional A
MS0282,6.0,5.0,5.0,6.0,4.0,3.0,2.0,6.0,4.0,4.0,4.0,4.0,Fictional B
MS0283,1.0,7.0,2.0,4.0,2.0,3.0,3.0,5.0,1.0,1.0,2.0,7.0,Fictional A
MS0284,3.0,4.0,4.0,4.0,3.0,2.0,4.0,4.0,2.0,1.0,1.0,4.0,Fictional B
MS0285,3.0,3.0,3.0,7.0,1.0,1.0,1.0,7.0,3.0,4.0,2.0,5.0,Fictional A
MS0286,3.0,2.0,4.0,4.0,5.0,1.0,7.0,6.0,6.0,7.0,5.0,2.0,Fictional B
MS0287,7.0,5.0,5.0,1.0,7.0,5.0,7.0,1.0,4.0,4.0,5.0,3.0,Fictional A
MS0288,5.0,2.0,1.0,5.0,5.0,3.0,6.0,5.0,7.0,4.0,2.0,3.0,Fictional B
MS0289,4.0,5.0,5.0,3.0,5.0,4.0,4.0,5.0,3.0,1.0,2.0,6.0,Fictional A
MS0290,6.0,4.0,7.0,6.0,5.0,6.0,4.0,3.0,4.0,5.0,7.0,5.0,Fictional B
MS0291,3.0,3.0,5.0,3.0,6.0,7.0,7.0,1.0,7.0,7.0,7.0,1.0,Fictional A
MS0292,7.0,7.0,7.0,2.0,5.0,3.0,4.0,4.0,5.0,7.0,4.0,3.0,Fictional B
MS0293,2.0,4.0,1.0,4.0,5.0,5.0,3.0,4.0,5.0,7.0,4.0,4.0,Fictional A
MS0294,3.0,4.0,2.0,4.0,4.0,7.0,3.0,4.0,2.0,4.0,1.0,5.0,Fictional B
MS0295,3.0,6.0,3.0,3.0,2.0,4.0,3.0,6.0,3.0,3.0,3.0,3.0,Fictional A
MS0296,4.0,2.0,2.0,7.0,3.0,3.0,4.0,6.0,5.0,4.0,6.0,4.0,Fictional B
MS0297,2.0,3.0,1.0,5.0,5.0,7.0,7.0,2.0,2.0,6.0,4.0,5.0,Fictional A
MS0298,7.0,7.0,7.0,1.0,4.0,7.0,6.0,2.0,4.0,6.0,7.0,3.0,Fictional B
MS0299,4.0,5.0,5.0,4.0,6.0,5.0,6.0,2.0,7.0,4.0,5.0,3.0,Fictional A
MS0300,2.0,3.0,4.0,4.0,3.0,2.0,6.0,2.0,3.0,1.0,2.0,6.0,Fictional B
MS0301,7.0,2.0,5.0,4.0,3.0,5.0,2.0,7.0,7.0,5.0,5.0,2.0,Fictional A
MS0302,5.0,2.0,5.0,4.0,7.0,6.0,5.0,2.0,5.0,5.0,6.0,3.0,Fictional B
MS0303,2.0,4.0,3.0,2.0,7.0,7.0,3.0,2.0,6.0,5.0,,6.0,Fictional A
MS0304,3.0,2.0,3.0,4.0,5.0,5.0,6.0,4.0,1.0,5.0,4.0,7.0,Fictional B
MS0305,6.0,4.0,4.0,4.0,1.0,4.0,3.0,7.0,4.0,2.0,4.0,3.0,Fictional A
MS0306,6.0,1.0,1.0,5.0,6.0,5.0,5.0,3.0,3.0,1.0,3.0,6.0,Fictional B
MS0307,4.0,3.0,1.0,6.0,1.0,4.0,5.0,7.0,1.0,1.0,1.0,7.0,Fictional A
MS0308,3.0,2.0,5.0,3.0,7.0,7.0,6.0,1.0,5.0,7.0,6.0,3.0,Fictional B
MS0309,5.0,6.0,5.0,2.0,3.0,4.0,4.0,5.0,6.0,6.0,4.0,4.0,Fictional A
MS0310,3.0,4.0,4.0,5.0,1.0,2.0,2.0,7.0,1.0,1.0,4.0,5.0,Fictional B
MS0311,4.0,4.0,6.0,3.0,3.0,4.0,2.0,4.0,7.0,7.0,3.0,1.0,Fictional A
MS0312,3.0,,4.0,3.0,4.0,4.0,2.0,4.0,5.0,6.0,,3.0,Fictional B
MS0313,3.0,3.0,7.0,4.0,3.0,4.0,2.0,2.0,3.0,3.0,3.0,4.0,Fictional A
MS0314,1.0,1.0,1.0,7.0,5.0,3.0,4.0,2.0,7.0,7.0,5.0,2.0,Fictional B
MS0315,1.0,1.0,2.0,7.0,3.0,7.0,6.0,1.0,,4.0,5.0,3.0,Fictional A
MS0316,5.0,6.0,6.0,3.0,,6.0,5.0,4.0,6.0,5.0,7.0,3.0,Fictional B
MS0317,2.0,3.0,3.0,6.0,1.0,1.0,2.0,4.0,6.0,5.0,2.0,3.0,Fictional A
MS0318,2.0,1.0,4.0,7.0,1.0,2.0,1.0,3.0,5.0,4.0,6.0,4.0,Fictional B
MS0319,4.0,5.0,5.0,4.0,3.0,4.0,5.0,3.0,5.0,7.0,6.0,2.0,Fictional A
MS0320,7.0,7.0,7.0,1.0,5.0,6.0,6.0,5.0,7.0,7.0,7.0,1.0,Fictional B
MS0321,3.0,3.0,2.0,7.0,5.0,5.0,7.0,2.0,3.0,4.0,2.0,6.0,Fictional A
MS0322,6.0,4.0,5.0,1.0,3.0,2.0,2.0,1.0,3.0,5.0,2.0,3.0,Fictional B
MS0323,2.0,1.0,1.0,7.0,5.0,6.0,6.0,3.0,6.0,5.0,6.0,1.0,Fictional A
MS0324,6.0,4.0,3.0,4.0,2.0,1.0,,7.0,5.0,3.0,6.0,2.0,Fictional B
MS0325,5.0,4.0,,4.0,1.0,4.0,1.0,7.0,5.0,3.0,6.0,4.0,Fictional A
MS0326,5.0,3.0,2.0,3.0,7.0,6.0,6.0,1.0,7.0,7.0,6.0,3.0,Fictional B
MS0327,6.0,5.0,7.0,1.0,1.0,1.0,1.0,7.0,2.0,1.0,1.0,6.0,Fictional A
MS0328,7.0,6.0,4.0,1.0,6.0,7.0,5.0,6.0,5.0,3.0,4.0,3.0,Fictional B
MS0329,5.0,7.0,7.0,3.0,7.0,7.0,5.0,1.0,5.0,4.0,2.0,1.0,Fictional A
MS0330,7.0,7.0,6.0,1.0,1.0,,3.0,4.0,5.0,4.0,5.0,3.0,Fictional B
MS0331,6.0,7.0,7.0,2.0,4.0,3.0,3.0,5.0,7.0,7.0,7.0,2.0,Fictional A
MS0332,6.0,2.0,4.0,3.0,1.0,4.0,1.0,5.0,5.0,5.0,3.0,2.0,Fictional B
MS0333,1.0,3.0,6.0,4.0,5.0,3.0,4.0,7.0,3.0,3.0,4.0,3.0,Fictional A
MS0334,3.0,3.0,4.0,2.0,2.0,3.0,2.0,6.0,1.0,4.0,1.0,4.0,Fictional B
MS0335,6.0,3.0,6.0,3.0,4.0,3.0,5.0,2.0,3.0,3.0,3.0,6.0,Fictional A
MS0336,2.0,3.0,1.0,5.0,1.0,2.0,3.0,4.0,,2.0,1.0,7.0,Fictional B
MS0337,7.0,5.0,7.0,2.0,5.0,4.0,3.0,3.0,7.0,4.0,7.0,1.0,Fictional A
MS0338,7.0,5.0,6.0,3.0,7.0,7.0,7.0,2.0,5.0,5.0,7.0,4.0,Fictional B
MS0339,7.0,6.0,5.0,3.0,5.0,6.0,4.0,3.0,3.0,2.0,4.0,6.0,Fictional A
MS0340,2.0,5.0,,7.0,4.0,2.0,2.0,5.0,5.0,6.0,3.0,4.0,Fictional B
MS0341,4.0,6.0,3.0,4.0,4.0,5.0,3.0,5.0,7.0,7.0,7.0,1.0,Fictional A
MS0342,1.0,4.0,2.0,6.0,3.0,3.0,4.0,4.0,3.0,2.0,4.0,4.0,Fictional B
MS0343,2.0,1.0,1.0,6.0,2.0,1.0,2.0,5.0,2.0,3.0,2.0,4.0,Fictional A
MS0344,6.0,6.0,3.0,5.0,3.0,5.0,5.0,4.0,4.0,4.0,1.0,6.0,Fictional B
MS0345,4.0,4.0,3.0,4.0,5.0,5.0,2.0,3.0,3.0,6.0,7.0,2.0,Fictional A
MS0346,3.0,3.0,4.0,3.0,4.0,6.0,5.0,4.0,2.0,3.0,3.0,4.0,Fictional B
MS0347,1.0,3.0,2.0,7.0,2.0,3.0,4.0,5.0,1.0,1.0,1.0,7.0,Fictional A
MS0348,7.0,6.0,5.0,2.0,3.0,5.0,3.0,6.0,,4.0,3.0,7.0,Fictional B
MS0349,7.0,3.0,6.0,4.0,5.0,4.0,2.0,5.0,4.0,5.0,4.0,5.0,Fictional A
MS0350,2.0,5.0,4.0,7.0,2.0,5.0,3.0,4.0,4.0,4.0,4.0,2.0,Fictional B
MS0351,5.0,6.0,4.0,4.0,6.0,6.0,4.0,2.0,6.0,5.0,5.0,4.0,Fictional A
MS0352,3.0,4.0,3.0,3.0,4.0,4.0,5.0,6.0,3.0,3.0,2.0,5.0,Fictional B
MS0353,7.0,7.0,7.0,1.0,7.0,7.0,7.0,1.0,7.0,6.0,4.0,3.0,Fictional A
MS0354,7.0,6.0,7.0,1.0,6.0,4.0,4.0,5.0,3.0,2.0,2.0,5.0,Fictional B
MS0355,2.0,3.0,4.0,5.0,7.0,7.0,7.0,1.0,3.0,6.0,7.0,1.0,Fictional A
MS0356,3.0,2.0,4.0,6.0,4.0,1.0,4.0,5.0,6.0,4.0,4.0,4.0,Fictional B
MS0357,1.0,4.0,1.0,4.0,1.0,1.0,1.0,7.0,7.0,5.0,6.0,,Fictional A
MS0358,3.0,2.0,4.0,3.0,1.0,4.0,1.0,4.0,5.0,1.0,3.0,6.0,Fictional B
MS0359,4.0,1.0,3.0,5.0,6.0,,5.0,2.0,6.0,,6.0,2.0,Fictional A
MS0360,4.0,5.0,5.0,2.0,5.0,3.0,5.0,2.0,2.0,3.0,5.0,2.0,Fictional B
MS0361,1.0,1.0,1.0,7.0,1.0,1.0,2.0,6.0,6.0,3.0,5.0,5.0,Fictional A
MS0362,1.0,1.0,2.0,7.0,2.0,2.0,1.0,7.0,1.0,1.0,2.0,7.0,Fictional B
MS0363,4.0,6.0,6.0,1.0,5.0,5.0,5.0,3.0,4.0,1.0,2.0,4.0,Fictional A
MS0364,1.0,1.0,1.0,4.0,1.0,4.0,4.0,7.0,5.0,3.0,2.0,6.0,Fictional B
MS0365,3.0,3.0,5.0,5.0,4.0,6.0,5.0,6.0,2.0,2.0,2.0,3.0,Fictional A
MS0366,1.0,2.0,1.0,6.0,4.0,6.0,4.0,5.0,3.0,3.0,4.0,5.0,Fictional B
MS0367,4.0,7.0,4.0,2.0,5.0,5.0,4.0,5.0,3.0,5.0,7.0,3.0,Fictional A
MS0368,3.0,2.0,1.0,7.0,7.0,4.0,4.0,4.0,4.0,5.0,4.0,4.0,Fictional B
MS0369,4.0,3.0,3.0,4.0,2.0,2.0,1.0,4.0,5.0,7.0,3.0,3.0,Fictional A
MS0370,3.0,4.0,3.0,4.0,2.0,1.0,5.0,3.0,7.0,6.0,5.0,3.0,Fictional B
MS0371,7.0,7.0,5.0,1.0,7.0,7.0,7.0,3.0,7.0,7.0,7.0,1.0,Fictional A
MS0372,1.0,2.0,2.0,6.0,4.0,5.0,3.0,3.0,6.0,7.0,6.0,1.0,Fictional B
MS0373,2.0,4.0,4.0,3.0,5.0,1.0,1.0,6.0,1.0,4.0,5.0,5.0,Fictional A
MS0374,7.0,7.0,7.0,1.0,7.0,7.0,7.0,1.0,2.0,4.0,2.0,3.0,Fictional B
MS0375,4.0,5.0,6.0,6.0,5.0,4.0,5.0,2.0,7.0,7.0,7.0,1.0,Fictional A
MS0376,2.0,,2.0,7.0,1.0,1.0,3.0,7.0,1.0,1.0,1.0,6.0,Fictional B
MS0377,2.0,3.0,1.0,5.0,2.0,1.0,5.0,,1.0,1.0,1.0,7.0,Fictional A
MS0378,3.0,1.0,1.0,7.0,2.0,3.0,2.0,3.0,4.0,4.0,5.0,2.0,Fictional B
MS0379,4.0,3.0,4.0,6.0,4.0,4.0,6.0,4.0,2.0,4.0,4.0,2.0,Fictional A
MS0380,6.0,7.0,7.0,1.0,7.0,6.0,5.0,3.0,3.0,4.0,5.0,4.0,Fictional B
MS0381,1.0,1.0,3.0,6.0,1.0,1.0,3.0,6.0,6.0,2.0,2.0,5.0,Fictional A
MS0382,5.0,4.0,5.0,4.0,5.0,4.0,6.0,5.0,3.0,4.0,4.0,3.0,Fictional B
MS0383,7.0,7.0,4.0,2.0,7.0,7.0,7.0,1.0,7.0,6.0,7.0,1.0,Fictional A
MS0384,5.0,5.0,5.0,3.0,1.0,2.0,2.0,4.0,,6.0,5.0,2.0,Fictional B
MS0385,4.0,7.0,4.0,6.0,7.0,,4.0,1.0,7.0,7.0,6.0,1.0,Fictional A
MS0386,5.0,6.0,7.0,1.0,1.0,3.0,3.0,7.0,2.0,3.0,1.0,4.0,Fictional B
MS0387,6.0,2.0,5.0,2.0,5.0,5.0,5.0,2.0,5.0,4.0,3.0,5.0,Fictional A
MS0388,4.0,6.0,3.0,3.0,4.0,5.0,7.0,3.0,5.0,5.0,5.0,5.0,Fictional B
MS0389,5.0,4.0,4.0,4.0,7.0,5.0,4.0,3.0,3.0,4.0,2.0,3.0,Fictional A
MS0390,3.0,7.0,5.0,4.0,6.0,4.0,4.0,4.0,4.0,4.0,4.0,6.0,Fictional B
MS0391,7.0,4.0,4.0,4.0,6.0,4.0,7.0,1.0,5.0,4.0,2.0,5.0,Fictional A
MS0392,4.0,5.0,6.0,1.0,3.0,1.0,2.0,4.0,4.0,1.0,4.0,3.0,Fictional B
MS0393,6.0,6.0,7.0,2.0,6.0,6.0,5.0,1.0,7.0,7.0,7.0,1.0,Fictional A
MS0394,4.0,3.0,1.0,6.0,5.0,6.0,4.0,3.0,6.0,5.0,5.0,5.0,Fictional B
MS0395,2.0,2.0,1.0,7.0,3.0,2.0,4.0,4.0,7.0,4.0,5.0,4.0,Fictional A
MS0396,3.0,1.0,5.0,3.0,3.0,7.0,3.0,4.0,4.0,6.0,2.0,4.0,Fictional B
MS0397,7.0,5.0,5.0,4.0,2.0,1.0,3.0,6.0,3.0,4.0,3.0,7.0,Fictional A
MS0398,1.0,1.0,4.0,4.0,4.0,3.0,3.0,6.0,1.0,3.0,3.0,4.0,Fictional B
MS0399,6.0,5.0,6.0,2.0,1.0,2.0,2.0,4.0,7.0,6.0,4.0,2.0,Fictional A
MS0400,3.0,5.0,5.0,1.0,2.0,2.0,2.0,6.0,2.0,1.0,1.0,6.0,Fictional B
MS0401,4.0,6.0,4.0,4.0,1.0,1.0,1.0,7.0,3.0,7.0,3.0,3.0,Fictional A
MS0402,5.0,4.0,2.0,6.0,4.0,4.0,2.0,3.0,3.0,5.0,3.0,5.0,Fictional B
MS0403,5.0,6.0,5.0,3.0,7.0,7.0,6.0,2.0,5.0,2.0,3.0,4.0,Fictional A
MS0404,6.0,5.0,6.0,1.0,4.0,2.0,5.0,4.0,3.0,4.0,6.0,5.0,Fictional B
MS0405,7.0,7.0,6.0,1.0,2.0,4.0,5.0,5.0,6.0,7.0,5.0,2.0,Fictional A
MS0406,1.0,1.0,2.0,4.0,4.0,2.0,3.0,4.0,7.0,5.0,7.0,1.0,Fictional B
MS0407,5.0,4.0,3.0,3.0,2.0,4.0,4.0,4.0,5.0,7.0,5.0,5.0,Fictional A
MS0408,3.0,2.0,2.0,4.0,4.0,5.0,5.0,4.0,7.0,6.0,7.0,2.0,Fictional B
MS0409,3.0,2.0,4.0,3.0,4.0,5.0,3.0,4.0,6.0,5.0,4.0,2.0,Fictional A
MS0410,7.0,6.0,4.0,5.0,3.0,3.0,4.0,6.0,4.0,5.0,3.0,3.0,Fictional B
MS0411,5.0,5.0,5.0,5.0,5.0,5.0,6.0,7.0,3.0,3.0,2.0,4.0,Fictional A
MS0412,5.0,4.0,5.0,5.0,4.0,3.0,2.0,5.0,7.0,4.0,5.0,6.0,Fictional B
MS0413,7.0,7.0,5.0,1.0,4.0,6.0,7.0,4.0,7.0,6.0,7.0,2.0,Fictional A
MS0414,1.0,1.0,1.0,7.0,1.0,2.0,4.0,4.0,2.0,4.0,5.0,7.0,Fictional B
MS0415,4.0,2.0,4.0,6.0,2.0,3.0,2.0,6.0,2.0,3.0,5.0,6.0,Fictional A
MS0416,4.0,6.0,3.0,3.0,3.0,4.0,4.0,3.0,6.0,,7.0,4.0,Fictional B
MS0417,5.0,7.0,5.0,2.0,5.0,4.0,5.0,1.0,3.0,7.0,7.0,4.0,Fictional A
MS0418,5.0,4.0,2.0,4.0,1.0,3.0,3.0,7.0,2.0,2.0,3.0,5.0,Fictional B
MS0419,5.0,5.0,3.0,4.0,5.0,7.0,6.0,3.0,2.0,2.0,5.0,1.0,Fictional A
MS0420,7.0,7.0,6.0,3.0,3.0,5.0,3.0,4.0,4.0,6.0,3.0,3.0,Fictional B
MS0421,7.0,7.0,7.0,1.0,6.0,4.0,6.0,2.0,7.0,6.0,7.0,1.0,Fictional A
MS0422,4.0,5.0,,1.0,7.0,5.0,4.0,4.0,5.0,4.0,3.0,3.0,Fictional B
MS0423,5.0,5.0,5.0,4.0,2.0,1.0,2.0,4.0,3.0,3.0,1.0,6.0,Fictional A
MS0424,3.0,4.0,4.0,5.0,7.0,7.0,7.0,1.0,5.0,4.0,5.0,4.0,Fictional B
MS0425,2.0,1.0,1.0,6.0,1.0,1.0,1.0,6.0,2.0,1.0,1.0,6.0,Fictional A
MS0426,7.0,5.0,7.0,2.0,,3.0,3.0,4.0,7.0,6.0,7.0,2.0,Fictional B
MS0427,4.0,2.0,7.0,5.0,4.0,5.0,4.0,4.0,5.0,6.0,,2.0,Fictional A
MS0428,1.0,2.0,1.0,7.0,1.0,3.0,4.0,5.0,3.0,5.0,2.0,6.0,Fictional B
MS0429,3.0,3.0,6.0,4.0,7.0,7.0,6.0,3.0,5.0,5.0,6.0,4.0,Fictional A
MS0430,1.0,2.0,4.0,6.0,1.0,2.0,1.0,6.0,1.0,1.0,1.0,7.0,Fictional B
MS0431,1.0,5.0,3.0,5.0,1.0,4.0,1.0,4.0,5.0,6.0,7.0,3.0,Fictional A
MS0432,5.0,7.0,7.0,1.0,4.0,4.0,5.0,4.0,5.0,3.0,3.0,7.0,Fictional B
MS0433,2.0,4.0,4.0,6.0,5.0,7.0,4.0,6.0,3.0,4.0,1.0,5.0,Fictional A
MS0434,3.0,6.0,7.0,2.0,1.0,4.0,4.0,3.0,4.0,3.0,5.0,5.0,Fictional B
MS0435,5.0,6.0,4.0,3.0,5.0,5.0,7.0,2.0,2.0,1.0,3.0,7.0,Fictional A
MS0436,1.0,1.0,1.0,7.0,1.0,1.0,2.0,6.0,3.0,4.0,1.0,3.0,Fictional B
MS0437,4.0,4.0,2.0,3.0,4.0,3.0,6.0,3.0,1.0,1.0,2.0,7.0,Fictional A
MS0438,4.0,,5.0,6.0,6.0,5.0,4.0,4.0,5.0,4.0,5.0,4.0,Fictional B
MS0439,3.0,3.0,1.0,6.0,7.0,6.0,7.0,3.0,1.0,2.0,1.0,5.0,Fictional A
MS0440,6.0,6.0,5.0,2.0,7.0,5.0,5.0,3.0,5.0,4.0,1.0,2.0,Fictional B
MS0441,7.0,7.0,7.0,2.0,6.0,4.0,5.0,5.0,5.0,6.0,6.0,3.0,Fictional A
MS0442,6.0,5.0,6.0,4.0,5.0,2.0,6.0,1.0,6.0,6.0,7.0,2.0,Fictional B
MS0443,3.0,1.0,4.0,3.0,2.0,4.0,3.0,4.0,3.0,5.0,2.0,5.0,Fictional A
MS0444,4.0,4.0,7.0,6.0,6.0,7.0,7.0,1.0,1.0,4.0,5.0,4.0,Fictional B
MS0445,3.0,4.0,2.0,6.0,4.0,5.0,6.0,4.0,2.0,,2.0,7.0,Fictional A
MS0446,4.0,2.0,2.0,3.0,2.0,6.0,4.0,5.0,5.0,5.0,5.0,1.0,Fictional B
MS0447,1.0,1.0,1.0,7.0,2.0,1.0,1.0,6.0,1.0,1.0,4.0,3.0,Fictional A
MS0448,6.0,7.0,7.0,,6.0,5.0,5.0,1.0,7.0,7.0,7.0,3.0,Fictional B
MS0449,5.0,6.0,6.0,2.0,5.0,5.0,5.0,3.0,5.0,7.0,5.0,5.0,Fictional A
MS0450,5.0,5.0,3.0,3.0,5.0,7.0,5.0,1.0,4.0,2.0,6.0,3.0,Fictional B
MS0451,4.0,6.0,5.0,5.0,5.0,7.0,4.0,3.0,1.0,3.0,3.0,4.0,Fictional A
MS0452,5.0,5.0,4.0,6.0,4.0,6.0,6.0,3.0,5.0,3.0,5.0,5.0,Fictional B
MS0453,4.0,2.0,1.0,5.0,1.0,4.0,3.0,6.0,3.0,2.0,5.0,7.0,Fictional A
MS0454,1.0,,1.0,7.0,2.0,2.0,1.0,6.0,1.0,2.0,1.0,6.0,Fictional B
MS0455,4.0,2.0,3.0,7.0,3.0,2.0,4.0,4.0,3.0,4.0,4.0,5.0,Fictional A
MS0456,3.0,,7.0,5.0,4.0,1.0,3.0,3.0,2.0,1.0,1.0,5.0,Fictional B
MS0457,2.0,4.0,3.0,5.0,1.0,1.0,1.0,7.0,5.0,4.0,2.0,5.0,Fictional A
MS0458,3.0,5.0,4.0,2.0,7.0,6.0,7.0,3.0,3.0,6.0,6.0,2.0,Fictional B
MS0459,5.0,4.0,6.0,4.0,3.0,4.0,3.0,4.0,5.0,4.0,6.0,4.0,Fictional A
MS0460,3.0,1.0,4.0,5.0,,2.0,3.0,4.0,3.0,3.0,4.0,6.0,Fictional B
MS0461,4.0,1.0,1.0,6.0,1.0,3.0,2.0,5.0,5.0,4.0,5.0,5.0,Fictional A
MS0462,7.0,4.0,5.0,1.0,4.0,6.0,7.0,2.0,4.0,5.0,6.0,1.0,Fictional B
MS0463,3.0,3.0,3.0,4.0,7.0,6.0,6.0,1.0,5.0,6.0,4.0,4.0,Fictional A
MS0464,4.0,5.0,4.0,3.0,5.0,7.0,5.0,3.0,6.0,6.0,7.0,1.0,Fictional B
MS0465,5.0,5.0,5.0,1.0,6.0,7.0,5.0,2.0,7.0,7.0,7.0,2.0,Fictional A
MS0466,5.0,4.0,3.0,5.0,6.0,3.0,3.0,4.0,4.0,6.0,7.0,3.0,Fictional B
MS0467,7.0,7.0,7.0,1.0,7.0,6.0,7.0,1.0,7.0,7.0,6.0,2.0,Fictional A
MS0468,5.0,4.0,7.0,3.0,7.0,7.0,5.0,2.0,7.0,6.0,5.0,3.0,Fictional B
MS0469,3.0,2.0,1.0,4.0,3.0,1.0,4.0,5.0,1.0,4.0,4.0,6.0,Fictional A
MS0470,5.0,4.0,6.0,2.0,7.0,7.0,3.0,3.0,7.0,4.0,6.0,1.0,Fictional B
MS0471,1.0,2.0,1.0,6.0,4.0,5.0,5.0,4.0,2.0,3.0,1.0,6.0,Fictional A
MS0472,6.0,6.0,7.0,2.0,5.0,7.0,4.0,4.0,2.0,2.0,2.0,5.0,Fictional B
MS0473,5.0,5.0,5.0,4.0,3.0,3.0,1.0,4.0,5.0,1.0,2.0,6.0,Fictional A
MS0474,4.0,1.0,4.0,7.0,4.0,3.0,1.0,5.0,3.0,2.0,4.0,5.0,Fictional B
MS0475,1.0,3.0,1.0,7.0,1.0,1.0,1.0,7.0,1.0,4.0,1.0,5.0,Fictional A
MS0476,7.0,7.0,6.0,1.0,3.0,3.0,3.0,4.0,6.0,5.0,5.0,3.0,Fictional B
MS0477,3.0,4.0,4.0,4.0,7.0,6.0,6.0,3.0,3.0,4.0,1.0,7.0,Fictional A
MS0478,3.0,2.0,6.0,4.0,4.0,3.0,5.0,4.0,3.0,4.0,4.0,6.0,Fictional B
MS0479,6.0,7.0,6.0,1.0,3.0,1.0,1.0,6.0,5.0,7.0,7.0,2.0,Fictional A
MS0480,3.0,2.0,3.0,7.0,3.0,2.0,3.0,5.0,5.0,5.0,3.0,2.0,Fictional B
